{
    "loss": 1.0286076068878174,
    "accuracy": 0.8534482717514038
}